{"color":{"r":0.9215686274509803,"b":0.9215686274509803,"g":0.9215686274509803,"a":1},"index":5,"parentId":"8C5E7AB8-EB28-4025-8E9C-9EB55E4D1627","name":"$c-gray-200","version":1}