{"color":{"r":0.3019607843137255,"b":0.3019607843137255,"g":0.3019607843137255,"a":1},"index":2,"parentId":"8C5E7AB8-EB28-4025-8E9C-9EB55E4D1627","name":"$c-main","version":1}