{"color":{"r":0.9803921568627451,"b":0.9803921568627451,"g":0.9803921568627451,"a":1},"index":3,"parentId":"8C5E7AB8-EB28-4025-8E9C-9EB55E4D1627","name":"$c-gray-50","version":1}