{"color":{"r":0.9607843137254902,"b":0.9607843137254902,"g":0.9607843137254902,"a":1},"index":4,"parentId":"8C5E7AB8-EB28-4025-8E9C-9EB55E4D1627","name":"$c-gray-100","version":1}