{"color":{"r":0.04799999999999997,"b":0.3608000000000001,"g":0.6,"a":1},"index":1,"parentId":"8C5E7AB8-EB28-4025-8E9C-9EB55E4D1627","name":"$c-green-dark","version":1}