{"color":{"r":1,"b":0.3725490196078433,"g":0.3176470588235294,"a":1},"index":6,"parentId":"8C5E7AB8-EB28-4025-8E9C-9EB55E4D1627","name":"$c-red","version":1}