{"color":{"r":0.1411764705882352,"b":0.5098039215686273,"g":0.8,"a":1},"index":0,"parentId":"8C5E7AB8-EB28-4025-8E9C-9EB55E4D1627","name":"$c-green","version":1}